{"actions":[],"apps":[{"acl":{"app":[],"field":[],"record":[]},"app":null,"category":{"categories":[],"useCategory":"false"},"form":{"layout":"[{\"id\":null,\"type\":\"ROW\",\"isSubTable\":false,\"var\":null,\"label\":null,\"controlList\":[{\"isVirtical\":true,\"styleMap\":{\"width\":196},\"type\":\"CREATED_AT\",\"var\":\"Created_datetime\",\"label\":\"Created datetime\"},{\"isVirtical\":true,\"styleMap\":{\"width\":136},\"type\":\"CREATOR\",\"var\":\"Created_by\",\"label\":\"Created by\"}]},{\"id\":null,\"type\":\"ROW\",\"isSubTable\":false,\"var\":null,\"label\":null,\"controlList\":[{\"styleMap\":{\"width\":1350},\"type\":\"HR\"}]},{\"id\":null,\"type\":\"ROW\",\"isSubTable\":false,\"var\":null,\"label\":null,\"controlList\":[{\"label\":\"\\u003Cdiv\\u003E\\u003Cfont size=\\\"4\\\"\\u003E\\u003Cb\\u003E\\u003Cu\\u003ERebalancing Parameters\\u003C/u\\u003E\\u003C/b\\u003E\\u003C/font\\u003E\\u003C/div\\u003E\",\"styleMap\":{\"width\":222},\"formatted\":\"\\u003Cdiv\\u003E\\u003Cfont size=\\\"4\\\"\\u003E\\u003Cb\\u003E\\u003Cu\\u003ERebalancing Parameters\\u003C/u\\u003E\\u003C/b\\u003E\\u003C/font\\u003E\\u003C/div\\u003E\",\"type\":\"LABEL\"}]},{\"id\":null,\"type\":\"ROW\",\"isSubTable\":false,\"var\":null,\"label\":null,\"controlList\":[{\"isVirtical\":true,\"styleMap\":{\"width\":180},\"type\":\"SINGLE_LINE_TEXT\",\"var\":\"symbol\",\"label\":\"Stock Symbol\"},{\"isVirtical\":true,\"styleMap\":{\"width\":160},\"type\":\"DECIMAL\",\"var\":\"investment\",\"label\":\"Initial Investment\"},{\"isVirtical\":true,\"styleMap\":{\"width\":196},\"type\":\"SINGLE_SELECT\",\"var\":\"rebalancingRate\",\"label\":\"Rebalancing Rate\"},{\"isVirtical\":true,\"styleMap\":{\"width\":117},\"type\":\"DATE\",\"var\":\"startDate\",\"label\":\"Start Date\"},{\"isVirtical\":true,\"styleMap\":{\"width\":117},\"type\":\"DATE\",\"var\":\"endDate\",\"label\":\"End Date\"}]},{\"id\":null,\"type\":\"ROW\",\"isSubTable\":false,\"var\":null,\"label\":null,\"controlList\":[{\"styleMap\":{\"width\":200,\"height\":28},\"elementId\":\"button\",\"type\":\"SPACER\"},{\"isVirtical\":true,\"styleMap\":{\"width\":130},\"type\":\"DECIMAL\",\"var\":\"cpr\",\"label\":\"CPR\"},{\"label\":\"\\u003Cdiv\\u003E-vs-\\u003C/div\\u003E\",\"styleMap\":{\"width\":56},\"formatted\":\"\\u003Cdiv\\u003E-vs-\\u003C/div\\u003E\",\"type\":\"LABEL\"},{\"isVirtical\":true,\"styleMap\":{\"width\":130},\"type\":\"DECIMAL\",\"var\":\"bh\",\"label\":\"Buy/Hold\"},{\"isVirtical\":true,\"styleMap\":{\"width\":116},\"type\":\"CALC\",\"var\":\"Calculated\",\"label\":\"% Difference\"},{\"isVirtical\":true,\"styleMap\":{\"width\":170},\"type\":\"DECIMAL\",\"var\":\"maxDraw\",\"label\":\"Lowest Cash Balance\"},{\"isVirtical\":true,\"styleMap\":{\"width\":147},\"type\":\"CALC\",\"var\":\"Calculated_0\",\"label\":\"Max Draw Down\"}]},{\"id\":\"2055\",\"type\":\"SUBTABLE\",\"isSubTable\":true,\"var\":\"Table_2\",\"label\":\"Table_2\",\"controlList\":[{\"isVirtical\":true,\"styleMap\":{\"width\":119},\"type\":\"DATE\",\"var\":\"Date_1\",\"label\":\"Date\"},{\"isVirtical\":true,\"styleMap\":{\"width\":118},\"type\":\"DECIMAL\",\"var\":\"current_price\",\"label\":\"Open\"},{\"isVirtical\":true,\"styleMap\":{\"width\":119},\"type\":\"DECIMAL\",\"var\":\"priceHigh\",\"label\":\"High\"},{\"isVirtical\":true,\"styleMap\":{\"width\":118},\"type\":\"DECIMAL\",\"var\":\"priceLow\",\"label\":\"Low\"},{\"isVirtical\":true,\"styleMap\":{\"width\":127},\"type\":\"DECIMAL\",\"var\":\"priceClose\",\"label\":\"Close\"},{\"isVirtical\":true,\"styleMap\":{\"width\":148},\"type\":\"DECIMAL\",\"var\":\"sharesInPosition\",\"label\":\"Shares in Position\"},{\"isVirtical\":true,\"styleMap\":{\"width\":146},\"type\":\"DECIMAL\",\"var\":\"positionVal\",\"label\":\"Value of Position\"},{\"isVirtical\":true,\"styleMap\":{\"width\":149},\"type\":\"DECIMAL\",\"var\":\"adjustmentValue\",\"label\":\"Adjustment Value\"},{\"isVirtical\":true,\"styleMap\":{\"width\":147},\"type\":\"DECIMAL\",\"var\":\"shareAdjustment\",\"label\":\"Share Adjustment\"},{\"isVirtical\":true,\"styleMap\":{\"width\":178},\"type\":\"DECIMAL\",\"var\":\"cumValCash\",\"label\":\"Cumulative Value Cash\"}]},{\"id\":null,\"type\":\"ROW\",\"isSubTable\":false,\"var\":null,\"label\":null,\"controlList\":[{\"isVirtical\":true,\"styleMap\":{\"width\":1346,\"height\":157,\"innerHeight\":120},\"type\":\"MULTIPLE_LINE_TEXT\",\"var\":\"news\",\"label\":\"Current Company News\"}]},{\"id\":null,\"type\":\"ROW\",\"isSubTable\":false,\"var\":null,\"label\":null,\"controlList\":[{\"isVirtical\":true,\"styleMap\":{},\"canvasData\":[{\"id\":null,\"type\":\"ROW\",\"isSubTable\":false,\"var\":null,\"label\":null,\"controlList\":[{\"styleMap\":{\"width\":1339,\"height\":140},\"elementId\":\"chart\",\"type\":\"SPACER\"}]}],\"type\":\"GROUP\",\"var\":\"chart\",\"label\":\"Chart\"}]}]","revision":null},"iconMeta":null,"info":{"automaticallyChooseTitleComponent":"true","code":null,"decimalPrecision":"16","decimalScale":"4","description":"\u003Cdiv\u003E\u003Cbr /\u003E\u003C/div\u003E","enableBulkDeletion":"false","enableRecordReuse":"true","fiscalYearStartMonth":"1","iconKey":"APP70","iconType":"PRESET","jsFiles":null,"jsScope":"ALL","name":"Stock Trading Platform","roundingMode":"HALF_EVEN","theme":"PLAIN","titleComponentLocalId":null,"useComment":"true","useHistory":"true","useThumbnail":"true"},"jsFiles":[{"jsFileMetas":[{"internalName":null,"locationType":"BLOB","mime":"text/javascript","name":"style.css","url":null}],"jsType":"DESKTOP_CSS"},{"jsFileMetas":[{"internalName":null,"locationType":"URL","mime":null,"name":null,"url":"https://js.kintone.com/momentjs/2.15.1/moment.min.js"},{"internalName":null,"locationType":"URL","mime":null,"name":null,"url":"https://js.kintone.com/momentjs/2.15.1/moment-with-locales.min.js"},{"internalName":null,"locationType":"URL","mime":null,"name":null,"url":"https://s3.tradingview.com/tv.js"},{"internalName":null,"locationType":"BLOB","mime":"text/javascript","name":"main (2).js","url":null},{"internalName":null,"locationType":"BLOB","mime":"text/javascript","name":"chart.js","url":null}],"jsType":"MOBILE"},{"jsFileMetas":[{"internalName":null,"locationType":"URL","mime":null,"name":null,"url":"https://js.kintone.com/momentjs/2.15.1/moment.min.js"},{"internalName":null,"locationType":"URL","mime":null,"name":null,"url":"https://js.kintone.com/momentjs/2.15.1/moment-with-locales.min.js"},{"internalName":null,"locationType":"URL","mime":null,"name":null,"url":"https://s3.tradingview.com/tv.js"},{"internalName":null,"locationType":"URL","mime":null,"name":null,"url":"https://cdnjs.cloudflare.com/ajax/libs/dygraph/2.1.0/dygraph.js"},{"internalName":null,"locationType":"BLOB","mime":"text/javascript","name":"main.js","url":null},{"internalName":null,"locationType":"BLOB","mime":"text/javascript","name":"chart.js","url":null}],"jsType":"DESKTOP"},{"jsFileMetas":[{"internalName":null,"locationType":"BLOB","mime":"text/css","name":"style.css","url":null}],"jsType":"MOBILE_CSS"}],"notification":{"appNotifications":[{"events":["RECORD_COMMENT_ADDED"],"target":{"entityId":"2010","entityType":"FIELD_ENTITY","includeSubs":"false"}},{"events":["RECORD_COMMENT_ADDED"],"target":{"entityId":"2011","entityType":"FIELD_ENTITY","includeSubs":"false"}}],"recordNotifications":[],"reminderTimezone":null,"reminders":[],"useComment":"true","useReminder":"false"},"plugins":[{"enabled":"true","id":"fdeplpmkengkldpdlaiegpokgmaabkkb"}],"reports":[],"resource":{"tables":[{"rows":[{"fields":[],"objectId":"0","subObjectId":"-1"}],"type":"AppName"},{"rows":[{"fields":[],"objectId":"0","subObjectId":"-1"}],"type":"AppDescription"},{"rows":[{"fields":[],"objectId":"2009","subObjectId":"-1"},{"fields":[],"objectId":"2010","subObjectId":"-1"},{"fields":[],"objectId":"2011","subObjectId":"-1"},{"fields":[],"objectId":"2012","subObjectId":"-1"},{"fields":[],"objectId":"2013","subObjectId":"-1"},{"fields":[],"objectId":"2014","subObjectId":"-1"},{"fields":[],"objectId":"2015","subObjectId":"-1"},{"fields":[],"objectId":"2016","subObjectId":"-1"},{"fields":[],"objectId":"2031","subObjectId":"-1"},{"fields":[],"objectId":"2036","subObjectId":"-1"},{"fields":[],"objectId":"2036","subObjectId":"2017"},{"fields":[],"objectId":"2036","subObjectId":"2018"},{"fields":[],"objectId":"2036","subObjectId":"2019"},{"fields":[],"objectId":"2037","subObjectId":"-1"},{"fields":[],"objectId":"2055","subObjectId":"-1"},{"fields":[],"objectId":"2047","subObjectId":"-1"},{"fields":[],"objectId":"2048","subObjectId":"-1"},{"fields":[],"objectId":"2085","subObjectId":"-1"},{"fields":[],"objectId":"2086","subObjectId":"-1"},{"fields":[],"objectId":"2087","subObjectId":"-1"},{"fields":[],"objectId":"2088","subObjectId":"-1"},{"fields":[],"objectId":"2089","subObjectId":"-1"},{"fields":[],"objectId":"2107","subObjectId":"-1"},{"fields":[],"objectId":"2108","subObjectId":"-1"},{"fields":[],"objectId":"2109","subObjectId":"-1"},{"fields":[],"objectId":"2056","subObjectId":"-1"},{"fields":[],"objectId":"2090","subObjectId":"-1"},{"fields":[],"objectId":"2091","subObjectId":"-1"},{"fields":[],"objectId":"2098","subObjectId":"-1"},{"fields":[],"objectId":"2099","subObjectId":"-1"},{"fields":[],"objectId":"2105","subObjectId":"-1"},{"fields":[],"objectId":"2132","subObjectId":"-1"},{"fields":[],"objectId":"2140","subObjectId":"-1"}],"type":"FieldLabel"},{"rows":[{"fields":[],"objectId":"2046","subObjectId":"-1"},{"fields":[],"objectId":"20","subObjectId":"-1"}],"type":"ViewName"},{"rows":[{"fields":[],"objectId":"2133","subObjectId":"-1"},{"fields":[],"objectId":"2134","subObjectId":"-1"},{"fields":[],"objectId":"2135","subObjectId":"-1"}],"type":"StatusState"},{"rows":[{"fields":[],"objectId":"2138","subObjectId":"-1"},{"fields":[],"objectId":"2139","subObjectId":"-1"}],"type":"StatusAction"}]},"schema":{"groups":[],"revision":null,"subTable":{"2055":{"fieldList":{"2047":{"id":"2047","label":"Date","properties":{"defaultExpression":null,"defaultValue":null,"noLabel":"false","required":"false","unique":"false"},"type":"DATE","var":"Date_1"},"2048":{"id":"2048","label":"Open","properties":{"defaultValue":null,"digit":"false","displayScale":"2","max":null,"min":null,"noLabel":"false","required":"false","roundingMode":null,"scale":null,"unique":"false","unit":"$","unitPosition":"BEFORE"},"type":"DECIMAL","var":"current_price"},"2085":{"id":"2085","label":"Value of Position","properties":{"defaultValue":null,"digit":"true","displayScale":"0","max":null,"min":null,"noLabel":"false","required":"false","roundingMode":null,"scale":null,"unique":"false","unit":"$","unitPosition":"BEFORE"},"type":"DECIMAL","var":"positionVal"},"2086":{"id":"2086","label":"Shares in Position","properties":{"defaultValue":null,"digit":"true","displayScale":"0","max":null,"min":null,"noLabel":"false","required":"false","roundingMode":null,"scale":null,"unique":"false","unit":"","unitPosition":"BEFORE"},"type":"DECIMAL","var":"sharesInPosition"},"2087":{"id":"2087","label":"Adjustment Value","properties":{"defaultValue":null,"digit":"true","displayScale":"0","max":null,"min":null,"noLabel":"false","required":"false","roundingMode":null,"scale":null,"unique":"false","unit":"$","unitPosition":"BEFORE"},"type":"DECIMAL","var":"adjustmentValue"},"2088":{"id":"2088","label":"Share Adjustment","properties":{"defaultValue":null,"digit":"true","displayScale":"0","max":null,"min":null,"noLabel":"false","required":"false","roundingMode":null,"scale":null,"unique":"false","unit":"","unitPosition":"BEFORE"},"type":"DECIMAL","var":"shareAdjustment"},"2089":{"id":"2089","label":"Cumulative Value Cash","properties":{"defaultValue":null,"digit":"false","displayScale":"0","max":null,"min":null,"noLabel":"false","required":"false","roundingMode":null,"scale":null,"unique":"false","unit":"$","unitPosition":"BEFORE"},"type":"DECIMAL","var":"cumValCash"},"2107":{"id":"2107","label":"High","properties":{"defaultValue":null,"digit":"false","displayScale":"2","max":null,"min":null,"noLabel":"false","required":"false","roundingMode":null,"scale":null,"unique":"false","unit":"$","unitPosition":"BEFORE"},"type":"DECIMAL","var":"priceHigh"},"2108":{"id":"2108","label":"Low","properties":{"defaultValue":null,"digit":"false","displayScale":"2","max":null,"min":null,"noLabel":"false","required":"false","roundingMode":null,"scale":null,"unique":"false","unit":"$","unitPosition":"BEFORE"},"type":"DECIMAL","var":"priceLow"},"2109":{"id":"2109","label":"Close","properties":{"defaultValue":null,"digit":"false","displayScale":"2","max":null,"min":null,"noLabel":"false","required":"false","roundingMode":null,"scale":null,"unique":"false","unit":"$","unitPosition":"BEFORE"},"type":"DECIMAL","var":"priceClose"}},"id":"2055","label":"Table_2","properties":{"noLabel":"true"},"var":"Table_2"}},"table":{"fieldList":{"2009":{"id":"2009","label":"Record number","properties":{"noLabel":"false","required":"true"},"type":"RECORD_ID","var":"Record_number"},"2010":{"id":"2010","label":"Updated by","properties":{"noLabel":"false","required":"true"},"type":"MODIFIER","var":"Updated_by"},"2011":{"id":"2011","label":"Created by","properties":{"noLabel":"false","required":"true"},"type":"CREATOR","var":"Created_by"},"2012":{"id":"2012","label":"Updated datetime","properties":{"noLabel":"false","required":"true"},"type":"MODIFIED_AT","var":"Updated_datetime"},"2013":{"id":"2013","label":"Created datetime","properties":{"noLabel":"false","required":"true"},"type":"CREATED_AT","var":"Created_datetime"},"2014":{"id":"2014","label":"Status","properties":{"noLabel":"false","required":"false"},"type":"STATUS","var":"Status"},"2015":{"id":"2015","label":"Assignee","properties":{"noLabel":"false","required":"false"},"type":"STATUS_ASSIGNEE","var":"Assignee"},"2016":{"id":"2016","label":"Categories","properties":{"noLabel":"false","required":"false"},"type":"CATEGORY","var":"Categories"},"2031":{"id":"2031","label":"Stock Symbol","properties":{"defaultValue":"","expression":"","hideExpression":"false","max":null,"min":null,"noLabel":"false","required":"false","unique":"false"},"type":"SINGLE_LINE_TEXT","var":"symbol"},"2036":{"id":"2036","label":"Rebalancing Rate","properties":{"defaultValue":"2018","noLabel":"false","options":[{"id":"2017","label":"Daily","valid":true},{"id":"2018","label":"Weekly","valid":true},{"id":"2019","label":"Monthly","valid":true}],"required":"false"},"type":"SINGLE_SELECT","var":"rebalancingRate"},"2037":{"id":"2037","label":"Current Company News","properties":{"defaultValue":"","noLabel":"false","required":"false"},"type":"MULTIPLE_LINE_TEXT","var":"news"},"2056":{"id":"2056","label":"Initial Investment","properties":{"defaultValue":null,"digit":"true","displayScale":null,"max":null,"min":null,"noLabel":"false","required":"false","roundingMode":null,"scale":null,"unique":"false","unit":"$","unitPosition":"BEFORE"},"type":"DECIMAL","var":"investment"},"2090":{"id":"2090","label":"Start Date","properties":{"defaultExpression":null,"defaultValue":null,"noLabel":"false","required":"false","unique":"false"},"type":"DATE","var":"startDate"},"2091":{"id":"2091","label":"End Date","properties":{"defaultExpression":null,"defaultValue":null,"noLabel":"false","required":"false","unique":"false"},"type":"DATE","var":"endDate"},"2098":{"id":"2098","label":"CPR","properties":{"defaultValue":null,"digit":"true","displayScale":"0","max":null,"min":null,"noLabel":"false","required":"false","roundingMode":null,"scale":null,"unique":"false","unit":"$","unitPosition":"BEFORE"},"type":"DECIMAL","var":"cpr"},"2099":{"id":"2099","label":"Buy/Hold","properties":{"defaultValue":null,"digit":"true","displayScale":"0","max":null,"min":null,"noLabel":"false","required":"false","roundingMode":null,"scale":null,"unique":"false","unit":"$","unitPosition":"BEFORE"},"type":"DECIMAL","var":"bh"},"2105":{"id":"2105","label":"% Difference","properties":{"displayScale":null,"expression":"IF(cpr \u003C= bh, ((bh-cpr)/cpr)*100, ((cpr-bh)/bh)*100)","format":"NUMBER","hideExpression":"true","noLabel":"false","required":"false","roundingMode":null,"scale":null,"unit":"%","unitPosition":"AFTER"},"type":"CALC","var":"Calculated"},"2113":{"id":"2113","label":"Chart","properties":{"noLabel":"true","open":"true","required":"false"},"type":"GROUP","var":"chart"},"2132":{"id":"2132","label":"Lowest Cash Balance","properties":{"defaultValue":null,"digit":"true","displayScale":"2","max":null,"min":null,"noLabel":"false","required":"false","roundingMode":null,"scale":null,"unique":"false","unit":"$","unitPosition":"BEFORE"},"type":"DECIMAL","var":"maxDraw"},"2140":{"id":"2140","label":"Max Draw Down","properties":{"displayScale":"2","expression":"investment-maxDraw","format":"NUMBER_DIGIT","hideExpression":"true","noLabel":"false","required":"false","roundingMode":null,"scale":null,"unit":"$","unitPosition":"BEFORE"},"type":"CALC","var":"Calculated_0"}},"id":"1","label":"__ROOT__","properties":null,"var":"__ROOT__"}},"settingsNotesForm":{"content":null,"willBeInherited":null},"status":{"actions":[{"app":null,"assignees":[],"filter":"2136","from":"2133","fromLabel":null,"id":"2138","label":"Start","record":null,"revision":null,"to":"2134","toApprovalType":null,"toLabel":null},{"app":null,"assignees":[],"filter":"2137","from":"2134","fromLabel":null,"id":"2139","label":"Complete","record":null,"revision":null,"to":"2135","toApprovalType":null,"toLabel":null}],"filters":[{"condition":"","id":"2136","state":"2133"},{"condition":"","id":"2137","state":"2134"}],"initialStateId":"2133","states":[{"approvalType":"ONE","assignees":[],"id":"2133","initial":true,"label":"Not started","valid":true},{"approvalType":"ONE","assignees":[],"id":"2134","initial":false,"label":"In progress","valid":true},{"approvalType":"ONE","assignees":[],"id":"2135","initial":false,"label":"Completed","valid":true}],"useStatus":"false"},"uuid":"79cf622b-547b-40c3-8724-d2ca1ab538f5","views":[{"advancedMode":"false","builtinType":null,"device":null,"fields":[{"row":[{"columnWidth":null,"id":"2013"},{"columnWidth":null,"id":"2031"},{"columnWidth":null,"id":"2056"},{"columnWidth":null,"id":"2090"},{"columnWidth":null,"id":"2091"},{"columnWidth":null,"id":"2055"},{"columnWidth":null,"id":"2036"},{"columnWidth":null,"id":"2098"},{"columnWidth":null,"id":"2099"},{"columnWidth":null,"id":"2105"},{"columnWidth":null,"id":"2037"}]}],"filter":{"category":null,"offset":null,"order":["DESC"],"q":null,"size":null,"sort":["f2009"]},"html":null,"keyFieldId":null,"name":"Basic","pager":null,"revision":null,"titleFieldId":null,"view":"2046","viewType":"LIST"},{"advancedMode":null,"builtinType":"ALL","device":null,"fields":[{"row":[{"columnWidth":null,"id":"2009"},{"columnWidth":null,"id":"2031"},{"columnWidth":null,"id":"2036"},{"columnWidth":null,"id":"2037"},{"columnWidth":null,"id":"2056"},{"columnWidth":null,"id":"2090"},{"columnWidth":null,"id":"2091"},{"columnWidth":null,"id":"2098"},{"columnWidth":null,"id":"2099"},{"columnWidth":null,"id":"2105"},{"columnWidth":null,"id":"2132"},{"columnWidth":null,"id":"2140"}]}],"filter":{"category":null,"offset":null,"order":[],"q":null,"size":null,"sort":[]},"html":null,"keyFieldId":null,"name":"(All records)","pager":null,"revision":null,"titleFieldId":null,"view":"20","viewType":"LIST"}]}],"description":"","iconKey":"APP70","iconMeta":null,"iconSrcAppId":"79cf622b-547b-40c3-8724-d2ca1ab538f5","iconType":"PRESET","imagesMeta":[],"lookups":[],"name":"Stock Trading Platform","references":[],"version":"39"}